BuildingID,NoStories,FlArea,NoUnits,ConstYear,BuildVal,PermitDesc,PermitType,DateEvent,DateApplied,CheckDate,DateRecvd,DateFinaled,DateExpired,TimetoApply,RepairTime,TimetoFinal,,
6,0,3112,1,1995,1398580,UNDERPIN A PORTION OF THE FOUNDATION TO STABILIZE TH FOUNDAT,MINOR BUILDING,8/24/14,39947,FALSE,9/25/14,10/30/14,NULL,12,55,67,,35
7,0,1503,1,1984,699160,DEMO CHIMNEY REBUILD W WOOD CHASE INSTALL NEW GAS INSERT,FIREPLACE,8/24/14,39947,FALSE,9/23/14,10/21/14,NULL,12,46,58,,
8,0,2012,1,1974,175321,ROOF REPAIR/FRONT ROOM WALLS/DRY-WALL/STUCCO/PLY/ chimney,MINOR BUILDING,8/24/14,39947,FALSE,40161,3/23/15,NULL,12,199,211,,
18,0,1450,1,1922,264145,REPLACE SEWER LATERAL THAT FAILED,MINOR BUILDING,8/24/14,9/24/14,TRUE,40616,11/20/15,NULL,31,422,453,,
22,0,18780,1,NULL,111980,EARTHQUAKE STRUCTURAL REPAIRS,MECHANICAL,8/24/14,39947,FALSE,10/14/14,10/30/14,NULL,12,55,67,,
23,0,27490,NULL,1984,10488280,REPAIR CMU COLUMN PER ENGINEERED PLAN,MINOR BUILDING,8/24/14,39947,FALSE,40131,9/26/14,NULL,12,21,33,,
30,0,1953,1,1986,387182,REMOVE MASONARY CHIMNEY AND REPAIR INSERT FLUE PIPE, ROOFING,8/24/14,FIREPLACE,TRUE,39947,9/25/14,40435,,,32,,
35,0,1999,1,1981,242794,DEMO & REBUILD 2 MASONRY CHIMNEYS W NEW GAS INSERTS,FIREPLACE,8/24/14,9/29/14,TRUE,40616,7/28/15,NULL,36,302,338,,
42,0,1232,1,1961,544275,NULL,NULL,8/24/14,39947,FALSE,9/21/15,11/19/15,NULL,12,440,452,,
45,0,97515,141,2009,67040768,COM TI - ANDAZ HOTEL INTERIOR/EXTERIOR REPAIR),COM REMODEL,8/24/14,9/24/14,TRUE,40830,2/20/15,NULL,31,149,180,,
67,0,1260,1,1967,650124,RES - CAP AND SEAL CHIMNEY,FIREPLACE,8/24/14,39947,FALSE,10/21/14,4/18/16,NULL,12,591,603,,
70,0,772,1,1900,14710,REPAIRS TO FOUNDATION POSTS,MINOR BUILDING,8/24/14,39947,FALSE,3/17/15,4/15/15,NULL,12,222,234,,
71,0,6792,1,NULL,400396,"DEMOLISH CHIMNEY DOWN TO 16\\"" +- EXISTING ROOF\\""",FIREPLACE,8/24/14,39947,FALSE,1/29/15,2/24/16,NULL,12,537,549,,
83,0,1596,1,1983,326862,REATACH WOOD CHASE SECURE WITH LAG BOLTS PER CITY SPECS,FIREPLACE,8/24/14,9/18/14,TRUE,9/23/14,12/22/14,NULL,25,95,120,,
84,0,1898,1,1986,716314,SECURE WOODEN CHIMNEY TO HOUSE WITH LARGE STAINLESS SCREWS,FIREPLACE,8/24/14,9/18/14,TRUE,9/18/14,10/24/14,NULL,25,36,61,,
85,0,1736,1,1985,578662,REATTACH DAMAGED CHIMNEY,FIREPLACE,8/24/14,39947,FALSE,1/13/15,4/15/15,NULL,12,222,234,,
90,0,1375,1,1880,377254,RES - SHORE UP EAST FOUNDATION WALL AND REPAIR FRONT PORCH,MINOR BUILDING,8/24/14,39947,FALSE,40070,9/15/14,NULL,12,10,22,,
91,0,840,1,1910,294181,NULL,NULL,8/24/14,9/17/14,TRUE,37909,5/14/15,NULL,24,239,263,,
118,0,1376,1,1928,239019,FRAME EXTERIOR FIREPLACE & PRESSURE TREATED FOUNDATION,FIREPLACE,8/24/14,39947,FALSE,39858,8/27/15,NULL,12,356,368,,
135,1,1134,1,1957,384449,DEMO EXISTING CHIMNEY, BUILD WOOD CHASE WITH EXSITING INSERT,8/24/14,FIREPLACE,TRUE,9/23/14,9/20/14,NULL,,,27,,
143,0,1953,1,1986,741463,REMOVE DAMAGED CHIMNEY; INSTALL GAS INSERT,FIREPLACE,8/24/14,39947,FALSE,9/22/14,1/13/15,NULL,12,130,142,,
157,0,917,1,1937,524122,RES - DISMANTLE CHIMNEY AND LOWER TO SAVE LEVEL,FIREPLACE,8/24/14,39947,FALSE,41257,12/15/14,NULL,12,101,113,,
158,0,3918,2,1878,1600000,DEMO MASONRY CHIMNEY REBUILD STEEL STUDS,FIREPLACE,8/24/14,39947,FALSE,40647,12/23/14,NULL,12,109,121,,
163,0,1108,1,1900,420481,RES - FOUNDATION REPAIR ALL CONCRETE WORK),FOUNDATION,8/24/14,39947,FALSE,37240,3/25/15,NULL,12,201,213,,
164,0,1453,1,1939,536628,NULL,NULL,8/24/14,39947,FALSE,8/26/15,1/25/16,NULL,12,507,519,,
188,0,2030,1,1975,676388,REMOVE TO SHOULDER, REBUILD & INSTALL GAS INSERT W/ELEC,8/24/14,FIREPLACE,TRUE,40404,1/20/15,NULL,,,149,,
194,0,11325.6,NULL,NULL,NULL,REPLACE 5 FT CMU FENCE,MINOR BUILDING,8/24/14,40373,FALSE,2/18/15,4/14/15,NULL,44,189,233,,
196,2,1892,1,1910,582395,FOUNDATION REPLACEMENT,FOUNDATION,8/24/14,39947,FALSE,5/19/15,6/26/15,NULL,12,294,306,,
198,0,2257,1,1872,154408,REMOVE DAMAGED PLASTER AND REPAIR IN STARIWELL FOYER,MINOR BUILDING,8/24/14,40039,FALSE,9/19/14,10/24/14,NULL,15,46,61,,
240,0,1280,1,1953,60609,REINSTALL BRICK VENER ON CHIMNEY ON TOP NORTH SIDE ABOVE REI,FIREPLACE,8/24/14,39947,FALSE,9/24/14,9/25/14,NULL,12,20,32,,
242,0,1265,1,1952,609985,NULL,NULL,8/24/14,39947,FALSE,41196,5/21/15,NULL,12,258,270,,
243,0,1695,1,1951,201625,RES - FIREPLACE RETROFIT,FIREPLACE,8/24/14,9/23/14,TRUE,10/23/14,1/21/15,NULL,30,120,150,,
246,0,1302,1,1953,605524,REPAIR F/P CHIMNEY WITH GAS INSERT,FIREPLACE,8/24/14,9/23/14,TRUE,37787,5/26/16,NULL,30,611,641,,
248,0,1314,1,1957,335298,REINSTALL GAS VENT TOP FLASHING IN CHIMNEY,FIREPLACE,8/24/14,39947,FALSE,9/17/14,9/23/14,NULL,12,18,30,,
249,0,1274,1,1955,241547,DEMO CHIMNEY AND SEAL UP WALL,FIREPLACE,8/24/14,9/23/14,TRUE,9/30/14,10/16/14,NULL,30,23,53,,
261,0,52568,1,NULL,1342791,COM - WATER INTRUSION -REPAIR/REMOVE/REPLACE SHEETROCK,MINOR BUILDING,8/24/14,39947,FALSE,39858,9/30/14,NULL,12,25,37,,
275,0,1728,1,1987,283645,REPAIR MASONRY CHIMNEY PER CITY SPECS,FIREPLACE,8/24/14,40435,FALSE,40616,1/22/15,NULL,46,105,151,,
283,0,4913,1,1991,692603,REMOVE AND REPAIR DAMAGED ORNAMENTAL COLUMNS ON FRONT PORCH,MINOR BUILDING,8/24/14,39947,FALSE,40161,9/15/14,NULL,12,10,22,,
296,0,1332,1,1935,596719,INSTALL METAL BRACE TO CHIMNEY PER CITY OF NAPA HANDOUT.,FIREPLACE,8/24/14,39947,FALSE,40435,4/15/15,NULL,12,222,234,,
299,0,10018.8,1,NULL,201305,NULL,NULL,8/24/14,39947,FALSE,7/21/15,10/30/15,NULL,12,420,432,,
307,0,1410,1,1936,54264,REPLACE PERIMETER FOUNDATION,FOUNDATION,8/24/14,9/29/14,TRUE,11/13/14,1/28/15,NULL,36,121,157,,
309,0,2266,1,1976,133630,SEAL AND CAP DAMAGED CHIMNEY,FIREPLACE,8/24/14,9/18/14,TRUE,9/16/14,9/26/14,NULL,25,8,33,,
327,0,22260,1,1915,879735,COM - REPLACE PLASTER INTERIOR ONLY),MINOR BUILDING,8/24/14,39947,FALSE,10/20/14,4/21/15,NULL,12,228,240,,
328,0,1140,1,1956,467046,SEAL ROOF AND REMOVE CHIMNEY AND SEAL WALL,FIREPLACE,8/24/14,39947,FALSE,40070,6/18/15,NULL,12,286,298,,
330,0,1157,1,1950,191898,REMOVE BRICK FIREPLACE, REBUILD W/WOOD FRAME,8/24/14, GAS FIREPLACE,FALSE,FIREPLACE,9/23/14,11/24/14,,,30,,
331,0,2200,1,1950,159228,REBUILD MASONRY CHIMNEY PER NAPA CITY SPECS,FIREPLACE,8/24/14,39947,FALSE,10/17/14,2/20/15,NULL,12,168,180,,
354,0,1275,1,1935,66773,REPAIR STRUCTUAL ROOF DAMAGE, CAP & SEAL FIREPLACE,8/24/14,FIREPLACE,TRUE,39947,9/23/14,39644,,,30,,
355,0,7405.2,1,NULL,187192,REPLACE GIRDERS UNDER FRONT HOUSE,MINOR BUILDING,8/24/14,40251,FALSE,40708,5/14/15,NULL,40,223,263,,
357,0,890,1,1910,795905,FOUNDATION REPLACEMENT,FOUNDATION,8/24/14,39947,FALSE,4/16/15,7/17/15,NULL,12,315,327,,
384,0,1011,1,1966,139837,SEAL AND CAP DAMAGED CHIMNEY,FIREPLACE,8/24/14,39947,FALSE,9/25/14,8/21/15,NULL,12,350,362,,
387,0,3610,1,1887,505845,DEMO AND SEAL 4 CHIMNEYS ABOVE ROOF LINE,FIREPLACE,8/24/14,40131,FALSE,9/19/14,11/15/16,NULL,18,796,814,,
392,0,1599,1,1979,210003,RETRO FITTING MASONARY FIREPLACE WITH FACTORY BUILT METAL,FIREPLACE,8/24/14,39947,FALSE,40070,11/13/14,NULL,12,69,81,,
397,0,2272,1,1918,371221,REPAIR/REPLACE PORCH POSTS / REPAIR GAS LINE,MINOR BUILDING,8/24/14,39947,FALSE,9/15/14,12/30/15,NULL,12,481,493,,
399,0,1389,1,1905,67356,PIER AND GIRDER REPAIR/REMOVE CHIMNEY,FOUNDATION,8/24/14,9/16/14,TRUE,37057,2/24/15,NULL,23,161,184,,
404,0,2086,1,1939,313715,REMOVE CHIMNEY BELOW ROOFLINE REPAIR DAMAGED BLOCK WALL/ CAP,FIREPLACE,8/24/14,39947,FALSE,10/14/14,4/20/15,NULL,12,227,239,,
418,0,5227.2,1,NULL,955544,REMOVE, CAP & SEAL DAMAGE CHIMNEY,8/24/14,FIREPLACE,TRUE,39947,12/18/14,38791,,,116,,
420,0,1988,1,1900,1144440,REPLACE FOUNDATION,FOUNDATION,8/24/14,39947,FALSE,37302,4/14/15,NULL,12,221,233,,
421,0,1056,1,1930,162750,RETRO FIT CHIMNEY W/ BOND BEAM,FIREPLACE,8/24/14,39947,FALSE,41166,4/15/15,NULL,12,222,234,,
422,0,1066,1,1903,407726,REPLACE CHIMNEY WITH WOOD CHASE NEW FIREBOX INSTALL GAS,FIREPLACE,8/24/14,39947,FALSE,10/28/14,4/15/15,NULL,12,222,234,,
460,0,3072,4,1977,883164,REMOVE SIDING FOR ENGINEER INSPECTION 810-816),MINOR BUILDING,8/24/14,40039,FALSE,9/30/14,10/23/14,NULL,15,45,60,,
473,0,1466,1,1978,141915,DEMO FIREPLACE STUCCO WALL,FIREPLACE,8/24/14,39947,FALSE,40738,4/15/15,NULL,12,222,234,,
474,0,7405.2,NULL,1978,107807,DEMO FIREPLACE STUCCO WALL,NULL,8/24/14,9/23/14,TRUE,40738,4/15/15,NULL,30,204,234,,
492,0,908,1,1948,848965,SEAL & CAP DAMAGED CHIMNEY,FIREPLACE,8/24/14,39947,FALSE,11/21/14,1/15/15,NULL,12,132,144,,
499,0,293594,NULL,NULL,5816259,REPLACE FENCE/WALL AT BEL AIRE PLAZA,MINOR BUILDING,8/24/14,39947,FALSE,12/17/14,3/18/15,NULL,12,194,206,,
535,0,28156,1,1991,11983453,SOUND WALL,MINOR BUILDING,8/24/14,39947,FALSE,1/13/15,1/30/15,NULL,12,147,159,,
555,0,81794,1,1965,16245237,REPAIR EQ DAMAGE TO TOWER AND INTERIOR,COM REMODEL,8/24/14,39947,FALSE,9/25/14,4/20/15,NULL,12,227,239,,
563,0,3123,1,1920,614105,REBILD CHIMNEY W/ WOOD CHASE AND STUCCO PER CITY HANDOUT,FIREPLACE,8/24/14,9/25/14,TRUE,10/14/14,1/21/15,NULL,32,118,150,,
565,0,2160,1,1962,637512,REPAIR FOUNDATION WALL DAMAGE/GARAGE DOORS/NEW SLAB,MINOR BUILDING,8/24/14,9/17/14,TRUE,40616,8/16/16,NULL,24,699,723,,
598,2,1440,1,1910,259981,REPAIR AND SHEATH CRIPPLE WALL AT FOUNDATION.,MINOR BUILDING,8/24/14,39947,FALSE,9/16/14,11/21/14,NULL,12,77,89,,
603,2,4104,1,1972,951966,CAP AND SEAL CHIMNEY PER CITY SPECS 2405-2409),FIREPLACE,8/24/14,39947,FALSE,40738,11/18/14,NULL,12,74,86,,
612,2,9004,1,1979,1370238,WALL REPAIRS,MINOR BUILDING,8/24/14,39947,FALSE,38457,3/29/16,NULL,12,571,583,,
628,0,4035,1,1988,807413,DEMO TOP STORY CHIMNEY INSTALL DIRECT VENT 1ST FLOOR,FIREPLACE,8/24/14,39947,FALSE,40223,1/21/15,NULL,12,138,150,,
634,2,3049.2,NULL,1910,185401,REPAIR AND SHEATH CRIPPLE WALL AT FOUNDATION.,NULL,8/24/14,9/17/14,TRUE,9/16/14,11/21/14,NULL,24,65,89,,
646,0,2282,1,1937,432268,REPAIR DAMAGED CHIMNEY,FIREPLACE,8/24/14,39947,FALSE,39917,9/16/14,NULL,12,11,23,,
686,0,4556,1,1926,1130115,500 THROUGH 512 EXTERIOR PLASTER REPAIR TO MATCH EXISTING, R,8/24/14,MINOR BUILDING,TRUE,40039,9/29/14,10/16/14,,,36,,
687,0,7840.8,NULL,NULL,436366,500 THROUGH 512 EXTERIOR PLASTER REPAIR TO MATCH EXISTING R,NULL,8/24/14,9/17/14,TRUE,9/29/14,10/16/14,NULL,24,29,53,,
688,0,7840.8,NULL,NULL,436366,500 THROUGH 512 EXTERIOR PLASTER REPAIR TO MATCH EXISTING R,NULL,8/24/14,9/19/14,TRUE,9/29/14,10/16/14,NULL,26,27,53,,
693,0,2641,1,1890,1179137,FOUNDATION REPLACEMENT; LOWER BASEMENT TO 8 FT,FOUNDATION,8/24/14,39947,FALSE,40070,3/17/15,NULL,12,193,205,,
695,0,1472,1,1905,128048,REPAIR CRIPPLE WALLS PER ENGINEERED PLANS,MINOR BUILDING,8/24/14,39947,FALSE,10/14/14,1/22/15,NULL,12,139,151,,
698,0,1845,1,1975,790640,CHIMNEY REBUILD - 2 CHIMNEYS,FIREPLACE,8/24/14,39947,FALSE,37605,3/25/15,NULL,12,201,213,,
702,0,2065,1,1972,220319,REBUILD FIREPLACE AT THE ROOF LINE; MASONRY,FIREPLACE,8/24/14,9/29/14,TRUE,10/21/14,10/30/14,NULL,36,31,67,,
706,0,2012,1,1969,1257086,RECONSTRUCT MASONARY CHIMNEY PER CITY OF NAPA HANDOUT,FIREPLACE,8/24/14,9/23/14,TRUE,10/14/14,10/17/14,NULL,30,24,54,,
707,0,17859.6,NULL,1969,302669,RECONSTRUCT MASONARY CHIMNEY PER CITY OF NAPA HANDOUT,NULL,8/24/14,39947,FALSE,10/14/14,10/17/14,NULL,12,42,54,,
714,0,1509,1,1955,497396,DEMO CHIMNEY REPAIR ROOF CAP & SEAL FIREPLACE,FIREPLACE,8/24/14,9/23/14,TRUE,9/23/14,10/20/14,NULL,30,27,57,,
723,0,1767,1,1934,84146,REPAIR EXTERNAL CHIMNEY,FIREPLACE,8/24/14,39947,FALSE,5/19/15,7/13/15,NULL,12,311,323,,
744,0,2476,1,1895,1689800,REBUILD CHIMNEY,FIREPLACE,8/24/14,39947,FALSE,39947,10/17/14,NULL,12,42,54,,
752,0,2424,1,1940,102404,NULL,NULL,8/24/14,39947,FALSE,40617,11/19/15,NULL,12,440,452,,
759,0,1052,1,1932,529249,REMOVE CHIMNEY AND REBUILD,FIREPLACE,8/24/14,39947,FALSE,38001,9/18/15,NULL,12,378,390,,
760,0,936,1,1900,107606,REPLACE FOUNDATION,FOUNDATION,8/24/14,39947,FALSE,37026,10/13/15,NULL,12,403,415,,
764,0,1168,1,1920,37673,REPLACE EXISTING FOUNDATION / REPIPE CONNECTIONS,FOUNDATION,8/24/14,39947,FALSE,40223,5/15/15,NULL,12,252,264,,
765,0,1052,1,1912,273529,DEMO 250 SQ FT) OUT BUILDING; AND OTHER PIPE STRUCTURES,DRYROT TERMITE,8/24/14,39947,FALSE,10/22/14,12/23/14,NULL,12,109,121,,
766,0,1337,1,1962,520000,NULL,NULL,8/24/14,9/18/14,TRUE,39736,9/17/15,NULL,25,364,389,,
770,0,1144,1,1961,259655,CAP AND SEAL DAMAGED CHIMNEY,FIREPLACE,8/24/14,39947,FALSE,11/14/14,9/14/15,NULL,12,374,386,,
774,0,1261,1,1960,330274,REBUILD MASONRY CHIMNEY W/WOOD FRAME INSTALL GAS INSERT L390,FIREPLACE,8/24/14,39947,FALSE,11/17/14,11/26/14,NULL,12,82,94,,
787,0,1859,1,1978,288431,REMOVE DAMAGED CHIMNEY & FIREBOX; RETRO FIT 2ND CHIMNEY AND,FIREPLACE,8/24/14,39947,FALSE,3/24/15,4/28/15,NULL,12,235,247,,
788,0,9147.6,NULL,1978,185878,REMOVE DAMAGED CHIMNEY & FIREBOX; RETRO FIT 2ND CHIMNEY AND,NULL,8/24/14,9/25/14,TRUE,3/24/15,4/28/15,NULL,32,215,247,,
789,0,9147.6,NULL,1978,185878,REMOVE DAMAGED CHIMNEY & FIREBOX; RETRO FIT 2ND CHIMNEY AND,NULL,8/24/14,9/25/14,TRUE,3/24/15,4/28/15,NULL,32,215,247,,
792,0,2128,1,1978,210772,RES- CHIMNEY RETROFIT/SHOULDERS UP/FACTORY FLUE,FIREPLACE,8/24/14,39947,FALSE,40100,10/17/14,NULL,12,42,54,,
794,0,2128,1,1978,214280,REMOVE CHIMNEY TO SHOULDER FRAME UP AND STUCCO,FIREPLACE,8/24/14,39947,FALSE,40070,4/17/15,NULL,12,224,236,,
801,0,1422,1,1967,482320,REBUILD DAMAGED CHIMNEY,FIREPLACE,8/24/14,39947,FALSE,2/23/15,4/16/15,NULL,12,223,235,,
831,0,1300,1,1935,74172,FOUNDATION REPAIR AND INSTALL CONDUIT TO DUPLEX,FOUNDATION,8/24/14,39947,FALSE,39917,1/14/15,NULL,12,131,143,,
850,0,1000,1,1890,668513,FOUNDATION REPLACEMENT,FOUNDATION,8/24/14,9/19/14,TRUE,38153,8/24/15,NULL,26,339,365,,
855,0,2128,1,1980,213660,REPLACE DAMAGED ROOF TILES,MINOR BUILDING,8/24/14,39947,FALSE,11/18/14,1/22/15,NULL,12,139,151,,
856,0,1859,1,1980,448024,TEARDOWN DAMAGED F/P & REBUILD WITH EPA GAS INSERT,FIREPLACE,8/24/14,9/25/14,TRUE,5/21/15,7/20/15,NULL,32,298,330,,
864,0,1544,1,1957,379592,REPLACE CHIMNEY AT ROOF; RETRO FIT W/ WOOD CHASE, METAL FLUE,8/24/14,FIREPLACE,TRUE,39947,10/22/14,NULL,,,59,,
892,0,7744,1,1890,1900000,REPAIR AND REATTACH SIDING PER DETAILS,MINOR BUILDING,8/24/14,40100,FALSE,40251,10/30/14,NULL,17,50,67,,
894,0,1617,1,1918,437142,OVERLAY DAMAGED PLASTER,MINOR BUILDING,8/24/14,9/25/14,TRUE,39947,11/19/14,NULL,32,55,87,,
905,0,874,1,1932,615397,NULL,NULL,8/24/14,39947,FALSE,39767,1/13/16,NULL,12,495,507,,
913,0,1106,1,1954,480508,REPLACE BROKEN RAFTER ATTIC/FOUNDATION CRACKS/REPLACE ROOF,MINOR BUILDING,8/24/14,39947,FALSE,37057,3/13/15,NULL,12,189,201,,
925,0,1204,1,1978,300226,CARPORT REPAIR UNITS 718/720/723/725),GARAGE CARPORT,8/24/14,9/23/14,TRUE,37240,1/26/15,NULL,30,125,155,,
926,0,1306.8,NULL,NULL,164721,CARPORT REPAIR UNITS 718/720/723/725),NULL,8/24/14,9/24/14,TRUE,37240,1/26/15,NULL,31,124,155,,
928,0,2128,1,1980,350681,REMOVE AND REPLACE CHIMNEY,FIREPLACE,8/24/14,39947,FALSE,1/20/15,4/28/15,NULL,12,235,247,,
942,0,1469,1,1967,611572,REMOVE CHIMNEY AND CAP & SEAL PER CITY OF NAPA HANDOUT.,FIREPLACE,8/24/14,9/18/14,TRUE,40343,10/27/14,NULL,25,39,64,,
944,0,1469,1,1968,630500,REPAIR EARTHQUAKE DAMAGED CHIMNEY,FIREPLACE,8/24/14,40100,FALSE,2/25/15,3/13/15,NULL,17,184,201,,
945,0,1348,1,1969,63709,REPLACE CHIMNEY / GAS INSERT,FIREPLACE,8/24/14,39947,FALSE,40922,1/15/15,NULL,12,132,144,,
956,0,1655,1,1961,444152,STABILIZE GARAGE POST TO REINFORCE,MINOR BUILDING,8/24/14,40404,FALSE,10/21/14,12/31/14,NULL,45,84,129,,
963,0,1929,1,1965,825000,CHIMNEY REPAIR,FIREPLACE,8/24/14,9/18/14,TRUE,2/27/15,4/15/15,NULL,25,209,234,,
967,1,1733,1,1955,324242,REPAIR CHIMNEY FROM THE SHOULDER UP,FIREPLACE,8/24/14,39947,FALSE,4/27/15,3/24/16,NULL,12,566,578,,
968,0,1253,1,1955,56269,SEAL AND CAP DAMAGED FIRELPLACE REPAIR GAP IN ROOF FRAME.,FIREPLACE,8/24/14,39947,FALSE,40161,9/30/14,NULL,12,25,37,,
980,0,902,1,1898,514410,REPLACE FOUNDATION AND REROOF; REPLACE 10 WINDOWS,WINDOWS DOORS,8/24/14,9/25/14,TRUE,5/14/15,7/24/15,NULL,32,302,334,,
981,0,1016,1,1898,220841,INSTALL 4X4 POST/UNDERDECK/SECURE BLOCK/REPLACE MISSING TILE,RES REROOF,8/24/14,9/25/14,TRUE,1/29/15,7/24/15,NULL,32,302,334,,
982,0,6534,NULL,NULL,547286,POST EARTHQUAKE REPAIR BOUNTY HUNTER),COM REMODEL,8/24/14,39947,FALSE,37057,8/13/15,NULL,12,342,354,,
1012,0,1546,1,1952,557992,SEAL AND CAP DAMAGED CHIMNEY/FIREBOX REMOVE ANTENNA/GY WIRES,FIREPLACE,8/24/14,9/29/14,TRUE,40131,9/16/14,NULL,36,-13,23,,
1029,0,1782,1,1934,676520,CAP FIREPLACE & SEAL; DEMO 2ND AND REBUILD,FIREPLACE,8/24/14,39947,FALSE,40039,12/17/14,NULL,12,103,115,,
1031,0,1380,1,1950,46331,DEMO & REBUILD MASONRY CHIMNEY PER CITY SPECS,FIREPLACE,8/24/14,39947,FALSE,40343,10/31/14,NULL,12,56,68,,
1036,0,1239,1,1941,719000,REBUILD CHIMNEY WOOD FRAME W/ METEL FLUE GROUND UP),FIREPLACE,8/24/14,39947,FALSE,40070,12/31/15,NULL,12,482,494,,
1037,0,2128,1,1976,133440,REBUILD MASONRY CHIMNEY,FIREPLACE,8/24/14,40223,FALSE,41135,12/18/14,NULL,39,77,116,,
1039,0,1227,1,1951,71064,REBUILD DAMAGED CHIMNEY WITH FACTORY FLUE,FIREPLACE,8/24/14,39947,FALSE,40070,10/15/14,NULL,12,40,52,,
1042,0,1639,1,1951,545900,CAP & SEAL FIREPLACE,FIREPLACE,8/24/14,39947,FALSE,9/24/14,11/19/14,NULL,12,75,87,,
1054,0,1879,1,1953,806945,REBUILD MASONARY CHIMNEY,FIREPLACE,8/24/14,9/25/14,TRUE,40373,11/18/14,NULL,32,54,86,,
1055,0,1529,1,1904,169426,REMOVE CHIMNEY INSTALL GAS INSERT, REPLACE W/H VENT,8/24/14,MINOR BUILDING,TRUE,39947,9/25/14,10/15/14,,,32,,
1064,0,1072,1,1977,181859,FOUNDATION & CRIPPLE WALL,FOUNDATION,8/24/14,39947,FALSE,39886,10/15/14,NULL,12,40,52,,
1093,0,2294,1,1898,168423,NULL,NULL,8/24/14,39947,FALSE,38245,4/22/15,NULL,12,229,241,,
1096,0,4247,1,NULL,779810,REPLACE METAL STACK ABOVE ROOF CAP & SEAL INSIDE,FIREPLACE,8/24/14,39947,FALSE,10/14/14,4/14/15,NULL,12,221,233,,
1102,1,3211,1,1928,1381196,COMPLETE DEMO CHIMNEY & FIREPLACE INTERIOR ONE ONLY,FIREPLACE,8/24/14,39947,FALSE,9/26/14,8/24/17,NULL,12,1084,1096,,
1106,0,6969.6,1,NULL,551117,NEW FOUNDATION PER PLANS,FOUNDATION,8/24/14,39947,FALSE,9/30/14,2/24/15,NULL,12,172,184,,
1117,0,12196.8,1,NULL,279548,REMOVE DAMAGED CHIMNEY STUCCO WALL AND REPAIR INTERIOR WALL.,FIREPLACE,8/24/14,9/23/14,TRUE,40830,1/23/15,NULL,30,122,152,,
1126,0,3114,1,1990,707287,REPLACE DAMAGED TILES,MINOR BUILDING,8/24/14,9/16/14,TRUE,11/18/14,11/19/14,NULL,23,64,87,,
1129,0,794,1,1943,52776,DEMO CHIMNEY REPLACE WITH WOOD CHASE & EXISTING GAS INSERT,FIREPLACE,8/24/14,39947,FALSE,10/13/14,10/17/14,NULL,12,42,54,,
1131,0,1257,1,1951,60041,REBUILD MASONRY CHIMNEY,FIREPLACE,8/24/14,39947,FALSE,11/19/14,12/23/14,NULL,12,109,121,,
1133,0,1189,1,1956,245590,MISC ELEC, PANEL UPGRADE,8/24/14, TANKLESS W/H,FALSE,PLUMBING,9/29/14,9/25/14,,,36,,
1136,0,1457,1,1964,550450,RES - REMV EXSTNG BRICK CHASE/TRNSTION TO PIPE WITH WOOD,FIREPLACE,8/24/14,40039,FALSE,10/22/14,1/22/15,NULL,15,136,151,,
1144,0,1422,1,1918,46242,FOUNDATION REPLACEMENT,FOUNDATION,8/24/14,39947,FALSE,39917,1/27/15,NULL,12,144,156,,
1197,0,10454.4,1,NULL,963362,RESET HOUSE ON FOUNDATION DUE TO EARTHQUAKE,MINOR BUILDING,8/24/14,39947,FALSE,10/16/14,1/22/15,NULL,12,139,151,,
1250,0,43560,1,NULL,2919741,981- TOWER & 921-HALL R/R DAMAGED TILE ROOF,COM REROOF,8/24/14,39947,FALSE,9/30/14,11/25/14,NULL,12,81,93,,
1251,0,1410,1,1977,235867,FOUNDATION REPAIRS,FOUNDATION,8/24/14,39947,FALSE,1/14/15,2/24/15,NULL,12,172,184,,
1252,0,849,1,1885,62943,NULL,NULL,8/24/14,39947,FALSE,6/30/16,6/30/16,NULL,12,664,676,,
1254,0,6534,1,NULL,131838,NULL,NULL,8/24/14,39947,FALSE,40435,10/22/14,NULL,12,47,59,,
1263,0,1999,1,1981,361932,REPAIR & SHORTEN CHIMNEY ABOVE ROOFLINE,FIREPLACE,8/24/14,9/29/14,TRUE,9/19/14,12/31/14,NULL,36,93,129,,
1297,0,912,1,1968,167929,REBUILD MASONRY CHIMNEY PER CITY OF NAPA HANDOUT,FIREPLACE,8/24/14,40251,FALSE,11/21/14,6/24/15,NULL,40,264,304,,
1308,0,1245,1,1951,112433,CHIMNEY CAP AND SEAL,FIREPLACE,8/24/14,39947,FALSE,9/17/14,9/30/14,NULL,12,25,37,,
1310,0,2313,1,1957,83234,REMOVE AND CAP OFF DAMAGED FIREPLACE,FIREPLACE,8/24/14,39947,FALSE,40100,8/17/17,NULL,12,1077,1089,,
1321,0,4556,1,1926,1130115,FOUNDATION AND WALL REPAIRS; REPLACE DUCT WORK; REPLACE,MECHANICAL,8/24/14,9/17/14,TRUE,40830,3/18/15,NULL,24,182,206,,
1325,0,53578.8,NULL,2009,37839990,PACKAGE HEATING/VENT UNIT ON ROOF/REPLACE 2 IN RN ROOM UNITS,COM REMODEL,8/24/14,39947,FALSE,11/13/14,2/20/15,NULL,12,168,180,,
1330,0,3484.8,1,NULL,417593,DEMO INTERIOR MASNRY CHIMNEY,FIREPLACE,8/24/14,40223,FALSE,40192,10/14/14,NULL,39,12,51,,
1334,0,4224,1,1963,1086571,FOUNDATION REPAIRS ; STONE VENEER,FOUNDATION,8/24/14,39947,FALSE,38763,4/27/17,NULL,12,965,977,,
1358,0,1132,1,1955,392930,REBUILD CHASE STUCCO WITH GAS INSERT AND GAS,FIREPLACE,8/24/14,39947,FALSE,10/17/14,4/14/15,NULL,12,221,233,,
1364,0,2478,1,1958,246232,DEMO OUTSIDE CHIMNEY,FIREPLACE,8/24/14,39947,FALSE,40131,10/24/14,NULL,12,49,61,,
1366,0,1510,1,1938,664106,REMOVE CHIMNEY TO THE ROOF, REPLACE WITH METAL FLUE & WOOD,8/24/14,FIREPLACE,TRUE,39947,9/13/14,11/13/14,,,20,,
1369,0,1951,1,1920,355401,CARPORT - REPAIR/REBUILT TO 2 POSTS THAT WERE CRACKED,GARAGE CARPORT,8/24/14,39947,FALSE,39947,10/17/14,NULL,12,42,54,,
1370,1,1172,1,1927,239077,CAP & SEAL 2 FIREPLACES PER CITY HAND OUT,FIREPLACE,8/24/14,39947,FALSE,9/29/14,4/20/15,NULL,12,227,239,,
1374,0,1260,1,1928,772350,NULL,NULL,8/24/14,39947,FALSE,1/22/15,5/31/16,NULL,12,634,646,,
1379,0,1261,1,1959,265346,REBUILD MASONRY CHIMNEY PER HANDOUT.,NULL,8/24/14,39947,FALSE,11/17/14,2/20/15,NULL,12,168,180,,
1382,0,852,1,1937,667000,REMOVE CHIMNEY; INSTALL DIRECT VENT GAS FIREPLACE,NULL,8/24/14,39947,FALSE,5/15/15,11/17/15,NULL,12,438,450,,
1388,0,1364,1,1923,634530,FOUNDATION - UNDERFLOOR RETROFIT,FOUNDATION,8/24/14,9/16/14,TRUE,38032,4/17/15,NULL,23,213,236,,
1391,0,2952,1,1928,316137,REBUILD 2 CHIMNEY TOP PORTION); INSTALL 1 GAS INSERT,MECHANICAL,8/24/14,39947,FALSE,5/21/15,9/14/15,NULL,12,374,386,,
1392,0,1820,1,1933,588372,RETRO FIT CHIMNEY WITH FACTORY FLUE AND GAS INSERT,FIREPLACE,8/24/14,9/29/14,TRUE,11/20/14,12/30/14,NULL,36,92,128,,
1395,0,2783,1,1927,1378151,REPLACE CHIMNEY W/ TRANS & METAL PIPE,FIREPLACE,8/24/14,39947,FALSE,40131,10/22/14,NULL,12,47,59,,
1399,0,7405.2,NULL,NULL,354052,RETROFIT INTERIOR BASEMENT; ADD FOUNDATION BOLTS SHEER WALL,NULL,8/24/14,39947,FALSE,39886,9/18/14,NULL,12,13,25,,
1400,0,7405.2,NULL,NULL,354052,RETROFIT INTERIOR BASEMENT; ADD FOUNDATION BOLTS SHEER WALL,NULL,8/24/14,39947,FALSE,39886,9/18/14,NULL,12,13,25,,
1404,0,7840.8,NULL,NULL,436366,FOUNDATION AND WALL REPAIRS; REPLACE DUCT WORK; REPLACE,NULL,8/24/14,40039,FALSE,40830,3/18/15,NULL,15,191,206,,
1422,0,3037,1,1988,682095,ADD STRAPS TO OUTSIDE WALL AND TO RIDGE AND HD TO GARAGE,MINOR BUILDING,8/24/14,40131,FALSE,37149,3/16/15,NULL,18,186,204,,
1426,0,1953,1,1985,131707,REPAIR CHIMNEY - GAS INSERT,FIREPLACE,8/24/14,39947,FALSE,1/30/15,2/23/15,NULL,12,171,183,,
1447,0,970,1,1947,519510,F/P REPAIR, REBUILD WITH WOOD SHOULDER UP/GAS INSERT,8/24/14,FIREPLACE,TRUE,39947,4/20/15,NULL,,,239,,
1455,0,1904,1,1896,823315,REPLACE FOUNDATION & PIPES/BATHROOM DRYROT,FOUNDATION,8/24/14,39947,FALSE,40223,5/18/15,NULL,12,255,267,,
1462,0,1614,1,1936,543530,STRAP DAMAGED CHIMNEY,FIREPLACE,8/24/14,39947,FALSE,39886,10/14/14,NULL,12,39,51,,
1477,0,1481,1,1973,73932,DEMO MASONRY CHIMNEY REBUILD W/ WOOD CHASE,FIREPLACE,8/24/14,39947,FALSE,11/17/14,1/14/15,NULL,12,131,143,,
1492,0,6969.6,NULL,NULL,259666,NEW FOUNDATION PER PLANS,NULL,8/24/14,40465,FALSE,9/30/14,2/24/15,NULL,47,137,184,,
1504,0,1064,1,1957,46231,NULL,NULL,8/24/14,39947,FALSE,6/25/15,8/26/15,NULL,12,355,367,,
1508,0,1643,1,1935,829206,REPLACE MASONRY CHIMNEY W WOOD CHASE; GAS INSERT,MECHANICAL,8/24/14,39947,FALSE,40708,1/16/15,NULL,12,133,145,,
1509,0,1100,1,1959,482025,REBUILD MASONRY CHIMNEY PER CITY OF NAPA HANDOUT,FIREPLACE,8/24/14,39947,FALSE,10/30/14,11/14/14,NULL,12,70,82,,
1518,0,102802,NULL,NULL,1345741,STRUCTURAL REPAIRS TO UNITS 8916,NULL,8/24/14,39947,FALSE,12/17/14,2/17/15,NULL,12,165,177,,
1519,0,102802,NULL,NULL,1345741,STRUCTURAL REPAIRS TO UNITS 8916,NULL,8/24/14,9/25/14,TRUE,12/17/14,2/17/15,NULL,32,145,177,,
1527,0,1854,1,1900,246996,FOUNDATION REPLACEMENT,FOUNDATION,8/24/14,9/16/14,TRUE,37667,6/24/15,NULL,23,281,304,,
1532,0,1753,1,1965,499314,BRACE GARAGE WALL / SHEAR TRANSFER AT FRONT OF HOUSE,MINOR BUILDING,8/24/14,40435,FALSE,1/27/15,2/25/15,NULL,46,139,185,,
1534,0,5662.8,NULL,1905,48998,REPAIR CRIPPLE WALLS PER ENGINEERED PLANS,NULL,8/24/14,9/16/14,TRUE,10/14/14,1/22/15,NULL,23,128,151,,
1556,0,1079,1,1956,364286,REMOVE AND REPAIR DAMAGED CHIMNEY,FIREPLACE,8/24/14,39947,FALSE,9/15/14,10/30/14,NULL,12,55,67,,
1559,0,22651.2,NULL,NULL,578598,REMOVE SIDING FOR ENGINEER INSPECTION 810-816),NULL,8/24/14,9/16/14,TRUE,9/30/14,10/23/14,NULL,23,37,60,,
1575,0,1458,1,2016,1893644,DEMO SINGLE FAMILY DWELLING,DEMOLITION,8/24/14,39947,FALSE,38245,4/17/15,NULL,12,224,236,,
1577,0,176854,1,NULL,7366894,REPAIR GASLINE,PLUMBING,8/24/14,39947,FALSE,40161,9/15/14,NULL,12,10,22,,
1580,0,1077,1,1928,544091,REMOVE DAMAGED CHIMNEY & PLASTER INTERIOR TO LOOK AT DAMAGE,FIREPLACE,8/24/14,9/25/14,TRUE,1/13/15,2/17/16,NULL,32,510,542,,
1581,0,6969.6,NULL,1928,255248,REMOVE DAMAGED CHIMNEY & PLASTER INTERIOR TO LOOK AT DAMAGE,NULL,8/24/14,9/29/14,TRUE,1/13/15,2/17/16,NULL,36,506,542,,
1591,2,25531,1,1963,4886823,REPAIR CRACK IN LAUNDRY ROOM WALL,MINOR BUILDING,8/24/14,40465,FALSE,11/24/14,12/22/14,NULL,47,73,120,,
1596,0,1083,1,1963,488988,REPAIR GROUT IN MASONRY CHIMNEY,FIREPLACE,8/24/14,40251,FALSE,40496,10/15/14,NULL,40,12,52,,
1598,0,1614,1,1950,378889,REPAIR FIREPLACE / CHIMNEY,FIREPLACE,8/24/14,39947,FALSE,1/23/15,7/20/15,NULL,12,318,330,,
1610,0,9583.2,1,NULL,302621,DEMO MASONRY WALL BETWEEN PROPERTIES,MINOR BUILDING,8/24/14,9/17/14,TRUE,40282,4/14/15,NULL,24,209,233,,
1621,0,1198,1,1964,133966,REBUILD MASONRY CHIMNEY,FIREPLACE,8/24/14,39947,FALSE,38975,7/29/15,NULL,12,327,339,,
1623,0,11761.2,1,NULL,931749,SISTER CANTILEVER AT WALKWAY PER ENG SPECS,MINOR BUILDING,8/24/14,39947,FALSE,40282,2/23/15,NULL,12,171,183,,
1624,0,11761.2,NULL,NULL,715921,SISTER CANTILEVER AT WALKWAY PER ENG SPECS,NULL,8/24/14,9/23/14,TRUE,40282,2/23/15,NULL,30,153,183,,
1625,0,5662.8,1,NULL,208736,NULL,NULL,8/24/14,39947,FALSE,7/30/15,8/26/15,NULL,12,355,367,,
1632,0,1408,1,1956,600000,CAP AND SEAL CHIMNEY,FIREPLACE,8/24/14,39947,FALSE,9/15/14,10/24/14,NULL,12,49,61,,
1641,0,1307,1,1904,365106,REMOVE DAMAGED CHIMNEY/INSTALL GAS METER,FOUNDATION,8/24/14,39947,FALSE,39917,9/16/14,NULL,12,11,23,,
1642,0,136778,NULL,NULL,NULL,NULL,NULL,8/24/14,39947,FALSE,10/16/15,11/25/15,NULL,12,446,458,,
1651,0,1072,1,1940,494518,REMOVE CHIMNEY DOWN TO SHOULDERS AND REPAIR PER CITY OF NAPA,FIREPLACE,8/24/14,39947,FALSE,9/29/14,10/24/14,NULL,12,49,61,,
1652,0,1063,1,1959,162537,REPAIR BRICK WORK AND DAMAGED CHIMNEY.,MINOR BUILDING,8/24/14,39947,FALSE,9/15/14,9/24/14,NULL,12,19,31,,
1655,0,920,1,1937,304614,DEMO ABANDONED CHIMNEY REPAIR ROOF,FIREPLACE,8/24/14,39947,FALSE,10/13/14,10/27/14,NULL,12,52,64,,
1667,0,1915,1,1968,615415,RES - CHIMNEY REPAIR,FIREPLACE,8/24/14,39947,FALSE,12/16/14,6/30/15,NULL,12,298,310,,
1697,0,1002,1,1938,30085,REBUILD DESTROYED BRICK CHIMNEY W/GAS INSERT AND LAP SIDING,FIREPLACE,8/24/14,40131,FALSE,37726,3/16/15,NULL,18,186,204,,
1705,0,1478,1,1979,238009,REPAIR JAMMED GARAGE WALK IN DOOR AND FRAME,MINOR BUILDING,8/24/14,9/29/14,TRUE,40465,11/14/14,NULL,36,46,82,,
1716,0,20037.6,1,NULL,693446,COM - NAPA VALLEY FOOD BANK REPAIRS,COM REMODEL,8/24/14,39947,FALSE,40343,10/24/14,NULL,12,49,61,,
1731,0,1645,1,1937,273992,"RES - REPAIR CHIMNEY 48\\"" FROM ROOF LINE W/BRICK AS ORIGINAL\\""",FIREPLACE,8/24/14,39947,FALSE,10/23/14,10/27/14,NULL,12,52,64,,
1744,0,20037.6,NULL,NULL,471111,COM - NAPA VALLEY FOOD BANK REPAIRS,NULL,8/24/14,40070,FALSE,40343,10/24/14,NULL,16,45,61,,
1745,0,15681.6,1,NULL,767068,T.I SUNSWEET CABINETRY 4,160 SQ FT,8/24/14,COM REMODEL,TRUE,39947,11/21/14,NULL,,,89,,
1758,0,1097,1,1941,302169,FIREPLACE CAP AND SEAL,FIREPLACE,8/24/14,39947,FALSE,9/22/14,10/16/14,NULL,12,41,53,,
1767,0,1898,1,1945,110738,REBUILD MASONRY FIREPLACE AT THE SHOULDER,FIREPLACE,8/24/14,9/23/14,TRUE,11/17/14,12/17/14,NULL,30,85,115,,
1769,1,1491,1,2001,555000,REMOVE & PELACE DAMAGED SOLE PLATE IN GARAGE REAR WALL,MINOR BUILDING,8/24/14,39947,FALSE,10/17/14,12/16/14,NULL,12,102,114,,
1798,0,1252,1,NULL,450254,REBUILD MASONARY CHIMNEY PER NAPA HANDOUT,FIREPLACE,8/24/14,39947,FALSE,10/15/14,11/18/14,NULL,12,74,86,,
1804,0,1429,1,1945,668219,TAKE STACK DOWN TO INSTALL CHIMNEY ANCHOR - REBUILD TO CODE,FIREPLACE,8/24/14,39947,FALSE,3/19/15,4/16/15,NULL,12,223,235,,
1811,0,3222,1,1904,560000,REPLACE FOUNDATION COTTAGE,FOUNDATION,8/24/14,9/16/14,TRUE,8/14/15,4/27/18,NULL,23,1319,1342,,
1835,0,1261,1,1959,506508,CAP AND SEAL CHIMNEY,FIREPLACE,8/24/14,39947,FALSE,9/15/14,10/13/16,NULL,12,769,781,,
1836,0,1850,1,1958,290602,RES - REPAIR FIREPLACE PER CITY HANDOUT SECTION A,FIREPLACE,8/24/14,39947,FALSE,40161,8/20/15,NULL,12,349,361,,
1837,0,6098.4,NULL,1958,156693,RES - REPAIR FIREPLACE PER CITY HANDOUT SECTION A,NULL,8/24/14,39947,FALSE,40161,8/20/15,NULL,12,349,361,,
1838,0,6098.4,NULL,1958,156693,RES - REPAIR FIREPLACE PER CITY HANDOUT SECTION A,NULL,8/24/14,39947,FALSE,40161,8/20/15,NULL,12,349,361,,
1841,0,1261,1,1959,113106,REMOVE AND REPLACE CHIMNEY,FIREPLACE,8/24/14,40039,FALSE,41135,12/17/14,NULL,15,100,115,,
1847,0,1675,1,1966,440778,RE-ROOF COMP NEW PLY); CAP & SEAL CHIMNEY,RES REROOF,8/24/14,39947,FALSE,1/28/15,7/22/16,NULL,12,686,698,,
1854,0,1470,1,1972,477685,REBUILD DAMAGED CHIMNEY W/WOOD CHASE DURAVENT PIPES,FIREPLACE,8/24/14,9/18/14,TRUE,11/14/14,11/25/14,NULL,25,68,93,,
1858,0,8712,1,NULL,247007,RES - REPAIR FIREPLACE PER CITY HANDOUT SECTION A,FIREPLACE,8/24/14,39947,FALSE,40161,8/20/15,NULL,12,349,361,,
1859,0,8712,NULL,NULL,75255,REPAIR & RETROFIT DAMAGE FACADE,MINOR BUILDING,8/24/14,40251,FALSE,10/30/14,10/26/15,NULL,40,388,428,,
1862,0,6534,1,NULL,106174,RES REMODEL - INSTALL ANCHOR BOLTS/SHEAR PONY WALLS/BASEMENT,RES REMODEL,8/24/14,39947,FALSE,39886,12/22/14,NULL,12,108,120,,
1882,0,1599,1,1947,354948,1930REBUILD CHIMNEY AT ROOFLINE,FIREPLACE,8/24/14,39947,FALSE,39917,1/22/15,NULL,12,139,151,,
1883,2,1917,1,2000,508403,ROOF & WALL REPAIRS DUE TO FALLING CHIMNEY,RES REROOF,8/24/14,39947,FALSE,39947,9/15/14,NULL,12,10,22,,
1884,0,1410,1,1948,57404,REBUILD MASONRY CHIMNEY,FIREPLACE,8/24/14,39947,FALSE,40100,11/13/14,NULL,12,69,81,,
1887,2,19600,1,1884,5605018,EARTHQUAKE REPAIRS, WALL BRACING,8/24/14,COM REMODEL,TRUE,39947,9/16/14,NULL,,,23,,
1915,0,1972,1,1948,792776,RES - REMOVE CHIMNEY TO SHOULDER/REBUILD WD CHASE/GAS INSERT,FIREPLACE,8/24/14,39947,FALSE,10/22/14,11/21/14,NULL,12,77,89,,
1921,0,1376,1,1900,653301,FOUNDATION REPAIR & SHEER WALL RETROFIT; REBUILD WOOD CHASE,RES REMODEL,8/24/14,39947,FALSE,38032,11/24/15,NULL,12,445,457,,
1922,0,1599,1,1910,306882,REPLACE FOUNDATION,FOUNDATION,8/24/14,40039,FALSE,10/23/14,7/31/15,NULL,15,326,341,,
1924,0,3402,1,1900,1045792,CAP & SEAL COLLAPSED CHIMNEY; PLASTER, DRYWALL & INSULATION,8/24/14,MINOR BUILDING,TRUE,39947,12/18/14,NULL,,,116,,
1925,2,2376,1,1901,836231,FOUNDATION REPAIR AND REPLACE PORTIONS OF SIDING,FOUNDATION,8/24/14,39947,FALSE,2/27/15,9/16/15,NULL,12,376,388,,
1947,0,53578.8,NULL,2009,37839990,COM TI - ANDAZ HOTEL INTERIOR/EXTERIOR REPAIR),NULL,8/24/14,39947,FALSE,40830,2/20/15,NULL,12,168,180,,
1948,0,53578.8,NULL,2009,37839990,COM TI - ANDAZ HOTEL INTERIOR/EXTERIOR REPAIR),NULL,8/24/14,39947,FALSE,40830,2/20/15,NULL,12,168,180,,
1960,0,1365,1,1962,397121,CAP & SEAL CHIMNEY,FIREPLACE,8/24/14,9/17/14,TRUE,10/17/14,4/27/15,NULL,24,222,246,,
1970,0,1348,1,1938,195764,REPAIR DAMAGED CHIMNEY W/WOOD & WOOD SIDING CHASE INSTALL,FIREPLACE,8/24/14,39947,FALSE,40891,1/16/15,NULL,12,133,145,,
1971,0,6969.6,NULL,1938,115558,REPAIR DAMAGED CHIMNEY W/WOOD & WOOD SIDING CHASE INSTALL,NULL,8/24/14,9/24/14,TRUE,40891,1/16/15,NULL,31,114,145,,
1972,0,1886,1,1939,273754,NULL,NULL,8/24/14,39947,FALSE,40193,10/19/15,NULL,12,409,421,,
1973,0,1809,1,1939,1110780,REBUILD CHIMNEY,FIREPLACE,8/24/14,40373,FALSE,5/20/15,9/24/15,NULL,44,352,396,,
1987,0,1341,1,1937,213467,PATCH ROOF AT CHIMNEY, CAP & SEAL FIREPLACE,8/24/14,FIREPLACE,TRUE,39947,9/23/14,9/25/14,,,30,,
1990,0,1024,1,1935,588337,REPAIR DAMAGED CHIMNEY SHOULDER),FIREPLACE,8/24/14,39947,FALSE,39947,3/13/15,NULL,12,189,201,,
1993,0,1375,1,1941,511091,REMOVE FIREPLACE FRAME PATCH SEAL AND STUCCO,FIREPLACE,8/24/14,39947,FALSE,9/15/14,10/15/14,NULL,12,40,52,,
1996,0,1316,1,1923,461649,DEMO DAMAGED GARAGE AND REBUILD,GARAGE CARPORT,8/24/14,39947,FALSE,37149,5/22/15,NULL,12,259,271,,
1998,0,845,1,1900,223695,ABANDON FIREPLACE REPAIR OPENING PER ATTACHED PLANS,FIREPLACE,8/24/14,39947,FALSE,9/15/14,9/24/14,NULL,12,19,31,,
2005,0,1957,1,1925,58111,REPLACE FOUNDATION,FOUNDATION,8/24/14,39947,FALSE,3/30/15,4/19/16,NULL,12,592,604,,
2006,0,2790,1,1979,289447,COM - REPAIR STUCCO WALL,MINOR BUILDING,8/24/14,39947,FALSE,10/22/14,11/21/14,NULL,12,77,89,,
2008,2,3116,1,1985,1134794,DEMO CHIMNEY REBUILD & ANCHOR & REBUILD PER CITY SPECS,FIREPLACE,8/24/14,40039,FALSE,40343,11/26/14,NULL,15,79,94,,
2028,0,2143,1,1866,846678,FOUNDATION REPLACEMENT,FOUNDATION,8/24/14,39947,FALSE,39917,10/30/14,NULL,12,55,67,,
2056,0,2169,1,1975,348702,RETRO FIT MASONRY CHIMNEY,FIREPLACE,8/24/14,39947,FALSE,38183,4/16/15,NULL,12,223,235,,
2066,0,1742.4,1,NULL,4137658,NULL,NULL,8/24/14,39947,FALSE,7/27/15,9/29/15,NULL,12,389,401,,
2099,0,1080,1,1963,439570,CAP AND SEAL DAMAGE CHIMNEY,FIREPLACE,8/24/14,40039,FALSE,4/22/15,4/28/15,NULL,15,232,247,,
2100,0,1348,1,1968,378774,REPAIR DAMAGED CHIMNEY PER CITY OF NAPA HANDOUT.,FIREPLACE,8/24/14,9/17/14,TRUE,9/27/14,5/22/15,NULL,24,247,271,,
2102,0,1348,1,1967,462529,REPAIR / REPLACE DAMAGED CHIMNEY,FIREPLACE,8/24/14,9/17/14,TRUE,39917,11/25/14,NULL,24,69,93,,
2106,0,1469,1,1969,499351,CRACKS AROUND CHIMNEY, SMALL FOUNDATION CRACK,8/24/14,FIREPLACE,TRUE,40404,2/26/15,3/23/15,,,186,,
2119,0,775,1,1955,239126,RES - CHIMNEY REPAIR,FIREPLACE,8/24/14,39947,FALSE,39858,5/25/15,NULL,12,262,274,,
2137,0,1348,1,1969,350292,GASLINE TO F/P OFF METER & COOK STOVE, INSERT,8/24/14,OUTLET,TRUE,FIREPLACE,9/17/14,5/19/15,,,24,,
2138,0,1348,1,1969,589700,REPAIR DAMAGED MASONARY CHIMNEY PER CITY OF NAPA HANDOUT,FIREPLACE,8/24/14,9/17/14,TRUE,40373,10/20/14,NULL,24,33,57,,
2143,0,1540,1,1920,325018,REBUILD FIREPLACE & CHIMNEY WITH WOOD CONST. & BRICK VEENER,FIREPLACE,8/24/14,39947,FALSE,9/26/14,12/30/14,NULL,12,116,128,,
2144,0,7405.2,NULL,NULL,1545468,REBUILD FIREPLACE & CHIMNEY WITH WOOD CONST. & BRICK VEENER,NULL,8/24/14,39947,FALSE,9/26/14,12/30/14,NULL,12,116,128,,
2145,0,3360,1,1900,339000,RES - EARTHQUAKE DAMAGE REPAIR,RES REMODEL,8/24/14,39947,FALSE,37118,5/27/15,NULL,12,264,276,,
2187,0,22215.6,1,NULL,238587,SEISMIC REPAIRS & VOLUNTARY STERNGTHENING,COM REMODEL,8/24/14,39947,FALSE,3/16/15,9/18/15,NULL,12,378,390,,
2192,0,14810.4,1,NULL,1390525,NULL,NULL,8/24/14,39947,FALSE,10/14/14,4/21/15,NULL,12,228,240,,
2214,0,1413,1,1950,399555,BUILD METAL CHASE 4\\ HIGH WITH GAS INSERT,FIREPLACE,8/24/14,39947,FALSE,12/16/14,3/16/15,NULL,12,192,204,,
2217,0,1186,1,1973,594146,REMOVE TWO BRICK COLUMNS ON FRONT PORCH NON STRUCTURAL,MINOR BUILDING,8/24/14,39947,FALSE,10/13/14,10/15/14,NULL,12,40,52,,
2221,0,2142,1,1980,213692,REPAIR MASONRY CHIMNEY PER NAPA CITY SPECS,FIREPLACE,8/24/14,39947,FALSE,40647,11/21/14,NULL,12,77,89,,
2257,0,2669,1,1929,890000,SEAL AND CAP DAMAGED CHIMNEY 1 FLUTE TO BE LEFT OPEN,FIREPLACE,8/24/14,39947,FALSE,10/31/14,5/22/15,NULL,12,259,271,,
2260,0,2004,1,1972,815435,RETRO-FIT FIREPLACE; GAS INSERT,FIREPLACE,8/24/14,39947,FALSE,4/15/15,8/28/15,NULL,12,357,369,,
2266,0,1187,1,1948,88034,DEMO CAP AND SEAL DAMAGED CHIMNEY,FIREPLACE,8/24/14,39947,FALSE,40070,9/24/14,NULL,12,19,31,,
2273,0,1571,1,1946,326602,REMOVE DAMAGED CHIMNEY-INSTALL GAS INSERT/ELEC,FIREPLACE,8/24/14,9/23/14,TRUE,38275,6/24/15,NULL,30,274,304,,
2276,3,28854,1,2001,8700805,COM- RECONSTRUCT NORTH EXTERIOR WALL,MINOR BUILDING,8/24/14,39947,FALSE,40343,11/18/14,NULL,12,74,86,,
2280,0,12350,1,1890,2920000,NULL,NULL,8/24/14,39947,FALSE,38671,5/18/15,NULL,12,255,267,,
2304,0,1560,1,1973,91988,TEAR DOWN FIREPLACE/NEW WOOD CHASE/GASLINE/REBUILD,FIREPLACE,8/24/14,39947,FALSE,1/22/15,2/18/15,NULL,12,166,178,,
2331,0,100624,1,NULL,3143136,REPAIR DAMAGED CEILING NON-STRUCTURAL,MINOR BUILDING,8/24/14,39947,FALSE,10/13/14,10/30/14,NULL,12,55,67,,
2346,0,13727,1,1882,22335,REPAIR EXSITING FACADE REPLACE STONES AND ROOF,MINOR BUILDING,8/24/14,39947,FALSE,40131,10/29/14,NULL,12,54,66,,
2357,0,5662.8,1,NULL,59746,REPLACE FOUNDATION/REROUTE GAS LINE TO 2ND UNIT,FOUNDATION,8/24/14,39947,FALSE,10/15/14,12/17/14,NULL,12,103,115,,
2359,0,6534,NULL,1972,325106,RETRO-FIT FIREPLACE; GAS INSERT,NULL,8/24/14,9/23/14,TRUE,4/15/15,8/28/15,NULL,30,339,369,,
2371,0,1659,1,1981,373741,DEMO TOSHOULDER BOND BEAM DURAVENT PIPE FRAME STUCCO,FIREPLACE,8/24/14,40131,FALSE,10/15/14,11/25/14,NULL,18,75,93,,
2388,0,868,1,1935,492000,RES - CAP AND SEAL CHIMNEY,FIREPLACE,8/24/14,39947,FALSE,10/24/14,11/20/14,NULL,12,76,88,,
2392,0,1758,1,1969,592088,REBUILD CHIMNEY W/WOOD FRAME CONCRETE,FIREPLACE,8/24/14,9/23/14,TRUE,40891,11/14/14,NULL,30,52,82,,
2397,0,1053,1,1952,532684,NULL,NULL,8/24/14,39947,FALSE,37668,3/23/16,NULL,12,565,577,,
2398,0,1317,1,1952,439165,CAP AND SEAL CHIMNEY PER CITY SPECS,FIREPLACE,8/24/14,39947,FALSE,9/15/14,7/15/15,NULL,12,313,325,,
2399,0,1053,1,1952,41826,REMOVE CHIMNEY TO ROOFLINE/FLUE PIPE AND NEW WOOD CHASE,FIREPLACE,8/24/14,39947,FALSE,38032,4/13/15,NULL,12,220,232,,
2406,0,2012,1,1961,77653,REBUILD MASONRY CHIMNEY PER HANDOUT,FIREPLACE,8/24/14,39947,FALSE,11/18/14,3/31/15,NULL,12,207,219,,
2441,0,1193,1,1916,152432,2 RED BRICK CHIMNEYS BROKE AT THE TOP/REPAIR,FIREPLACE,8/24/14,39947,FALSE,5/18/15,10/29/15,NULL,12,419,431,,
2446,0,2758,1,1910,749737,REBUILD MASONARY CHIMNEY FROM THE ROOF LINE UP AND REPLACE,FIREPLACE,8/24/14,9/17/14,TRUE,10/13/14,10/23/14,NULL,24,36,60,,
2455,0,1267,1,1959,561815,REPAIR EXISTING CHIMNEY PER CITY SPECS,FIREPLACE,8/24/14,39947,FALSE,40373,10/14/14,NULL,12,39,51,,
2459,0,1333,1,1937,197344,REBUILD MASONARY FIREPLACE REBUILD PER CITY OF NAPA HANDOUT,FIREPLACE,8/24/14,39947,FALSE,40465,4/24/15,NULL,12,231,243,,
2473,0,994,1,1950,52385,REBUILD MASONRY CHIMNEY BELOW ROOF LLINE,FIREPLACE,8/24/14,39947,FALSE,37361,2/20/15,NULL,12,168,180,,
2483,0,1104,1,2015,58122,RES - RENOVATION TO EXISTING GUEST HOUSE,RES REMODEL,8/24/14,39947,FALSE,10/14/14,10/30/14,NULL,12,55,67,,
2491,0,3034,1,NULL,653117,REBUILD CHIMNEY,FIREPLACE,8/24/14,39947,FALSE,39947,10/23/15,NULL,12,413,425,,
2492,0,15246,NULL,NULL,353307,REBUILD CHIMNEY,NULL,8/24/14,39947,FALSE,39947,10/23/15,NULL,12,413,425,,
2493,1,1014,1,1936,550000,RES - REPAIR ROOF TRUSSES,MINOR BUILDING,8/24/14,9/18/14,TRUE,40953,9/29/15,NULL,25,376,401,,
2513,0,1196,1,1900,17741,NULL,NULL,8/24/14,39947,FALSE,40070,10/24/14,NULL,12,49,61,,
2530,0,9600,1,1924,1971031,COM - EARTHQUAKE REPAIR TO WELLS FARGO,COM REMODEL,8/24/14,39947,FALSE,9/25/14,4/30/15,NULL,12,237,249,,
2537,0,1654,1,1904,569440,REPLACE FOUNDATION, FRONT STEPS,8/24/14, AS NEEDED PER PLANS,FALSE,FOUNDATION,9/17/14,38975,,,24,,
2577,0,1232,1,1982,297878,REBUILD DAMAGED CHIMNEY,FIREPLACE,8/24/14,39947,FALSE,40070,10/30/14,NULL,12,55,67,,
2578,0,1232,1,1982,205804,REMOVE AND REPLACE DAMAGED MASONARY CHIMNEY,FIREPLACE,8/24/14,39947,FALSE,40435,10/17/14,NULL,12,42,54,,
2601,0,1197,1,1918,723077,RES - TEAR DOWN CHIMNEY AND REPLACE,FIREPLACE,8/24/14,39947,FALSE,41013,2/17/15,NULL,12,165,177,,
2609,0,896,1,1918,351680,REPLACE FLUTE IN GAS CHIMNEY,FIREPLACE,8/24/14,39947,FALSE,40131,9/30/14,NULL,12,25,37,,
2614,0,1082,1,1904,432970,FOUNDATION REPLACEMENT,FOUNDATION,8/24/14,39947,FALSE,2/20/15,5/29/15,NULL,12,266,278,,
2615,0,1194,1,1915,609983,FOUNDATION REPLACEMENT,FOUNDATION,8/24/14,39947,FALSE,41166,7/22/15,NULL,12,320,332,,
2625,0,1197,1,1967,86687,NULL,NULL,8/24/14,39947,FALSE,9/15/14,9/22/14,NULL,12,17,29,,
2632,0,13503.6,1,NULL,527155,SEISMIC REPAIRS TO CARPORT,GARAGE CARPORT,8/24/14,39947,FALSE,11/17/14,2/18/15,NULL,12,166,178,,
2636,0,1218,1,1959,61517,REMOVE DAMAGED CHIMNEY TO ROOF REINSERT METAL PIPING,FIREPLACE,8/24/14,39947,FALSE,9/17/14,10/30/14,NULL,12,55,67,,
2643,0,1626,1,1956,63322,REPLACE FAILED BEAMS IN SHED RAFTERS),MINOR BUILDING,8/24/14,9/23/14,TRUE,40343,10/16/14,NULL,30,23,53,,
2645,0,25700.4,NULL,1972,371280,REPLACE EXTERIOR WINDOWS AND DOORS REPAIR STUCCO CRACKS,WINDOWS DOORS,8/24/14,40404,FALSE,40373,10/20/14,NULL,45,12,57,,
2656,0,1529,1,1946,671500,MASONRY CHIMNEY - SAME AS EXISTING,FIREPLACE,8/24/14,39947,FALSE,38275,5/18/15,NULL,12,255,267,,
2660,0,1217,1,1941,288869,CAP AND SEAL PER CITY PLANS,FIREPLACE,8/24/14,39947,FALSE,40677,12/18/14,NULL,12,104,116,,
2662,0,1172,1,1948,53730,NULL,NULL,8/24/14,39947,FALSE,11/23/15,11/25/15,NULL,12,446,458,,
2666,0,1140,1,1955,514153,CAP AND SEAL DAMAGED FIREPLACE,FIREPLACE,8/24/14,40223,FALSE,38061,9/28/15,NULL,39,361,400,,
2671,0,1491,1,1955,486010,TAKE F/P STACK DOWN AND REBUILD AS PER NAPA CODE,FIREPLACE,8/24/14,39947,FALSE,3/23/15,4/17/15,NULL,12,224,236,,
2679,0,1667,1,1984,638047,DEMO CHIMNEY AT ROOF AND CAP & SEAL,FIREPLACE,8/24/14,39947,FALSE,9/23/14,5/14/15,NULL,12,251,263,,
2690,0,1604,1,1976,342633,RES - UNDERPIN THE FOUNDATION TO LEVEL THE FLOOR,FOUNDATION,8/24/14,39947,FALSE,41257,3/13/15,NULL,12,189,201,,
2702,3,437778,NULL,NULL,63059835,REPLACE WATER DAMAGED DRYWALL BLDG 8,MINOR BUILDING,8/24/14,9/17/14,TRUE,40223,11/25/14,NULL,24,69,93,,
2737,0,7405.2,1,NULL,313340,REPAIR / REPLACE GAS LINE,PLUMBING,8/24/14,39947,FALSE,10/20/14,10/30/14,NULL,12,55,67,,
2747,0,9147.6,1,NULL,192691,REPAIR MASONRY ARCH,MINOR BUILDING,8/24/14,39947,FALSE,11/14/14,12/19/14,NULL,12,105,117,,
2748,2,3606,1,1953,19246,DEMO DAMAGED CHIMNEY,FIREPLACE,8/24/14,39947,FALSE,9/26/14,4/15/15,NULL,12,222,234,,
2753,0,1300,1,1958,700396,RETROFIT FIREPLACE FROM ATTIC UP/INSTALL GAS INSERT,FIREPLACE,8/24/14,39947,FALSE,37879,5/15/15,NULL,12,252,264,,
2757,0,6534,1,NULL,260347,REPAIR CHIMNEY ABOVE ROOF WITH NEW WOOD CHASE,FIREPLACE,8/24/14,39947,FALSE,9/16/14,10/28/14,NULL,12,53,65,,
2767,0,1477,1,1966,476375,NULL,NULL,8/24/14,39947,FALSE,10/26/15,10/28/15,NULL,12,418,430,,
2778,0,1220,1,1943,43804,RETROFIT FIREPLACE,FIREPLACE,8/24/14,39947,FALSE,11/13/14,1/22/15,NULL,12,139,151,,
2788,0,1232,1,1982,167249,REMOVE AND REPAIR DAMAGED MASONARY CHIMNEY,FIREPLACE,8/24/14,39947,FALSE,40435,10/28/14,NULL,12,53,65,,
2793,0,1232,1,1982,497400,REPAIR DAMAGED MASONRY CHIMNEY PER CITY OF NAPA PLANS,FIREPLACE,8/24/14,39947,FALSE,10/31/14,11/14/14,NULL,12,70,82,,
2796,0,1456,1,1940,145159,NULL,NULL,8/24/14,39947,FALSE,7/29/15,9/16/15,NULL,12,376,388,,
2797,0,2285,1,1900,816000,STUCCO REPAIR/INSPECT FOUNDATION, REMOVE AND REPLACE STUCCO,8/24/14,FOUNDATION,TRUE,39947,12/19/14,37118,,,117,,
2798,0,2918,1,1918,1325447,CHIMNEY REPAIR,FIREPLACE,8/24/14,39947,FALSE,37756,4/27/15,NULL,12,234,246,,
2814,0,1066,1,1940,158683,SHORTEN WOODEN CHASE AND GAS INSERT ABOVE ROOF,FIREPLACE,8/24/14,9/23/14,TRUE,9/25/14,11/19/14,NULL,30,57,87,,
2833,0,6969.6,NULL,1911,464000,CAP & SEAL DAMAGED CHIMNEY,FIREPLACE,8/24/14,40373,FALSE,10/20/14,10/21/14,NULL,44,14,58,,
2840,0,1120,1,1900,45344,REPLACE FOUNDATION,RES ADDITION,8/24/14,39947,FALSE,3/18/15,10/13/15,NULL,12,403,415,,
2841,0,7405.2,NULL,1900,24154,REPLACE FOUNDATION,NULL,8/24/14,39947,FALSE,3/18/15,10/13/15,NULL,12,403,415,,
2842,0,7405.2,NULL,1900,24154,REPLACE FOUNDATION,NULL,8/24/14,39947,FALSE,3/18/15,10/13/15,NULL,12,403,415,,
2843,0,7405.2,NULL,1900,24154,REPLACE FOUNDATION,NULL,8/24/14,9/17/14,TRUE,3/18/15,10/13/15,NULL,24,391,415,,
2851,0,1366,1,1948,404954,REBUILD MASONRY CHIMNEY AT ROOF; STUCCO FINISH,FIREPLACE,8/24/14,40223,FALSE,41196,3/18/15,NULL,39,167,206,,
2853,0,1172,1,1950,240093,REBUILD MASONRY CHIMNEY AT ROOF; STUCCO FINISH,FIREPLACE,8/24/14,39947,FALSE,41196,3/18/15,NULL,12,194,206,,
2855,0,1190,1,1941,50176,REBUILD MASONARY CHIMNEY PER CITY OF NAPA HANDOUT,FIREPLACE,8/24/14,39947,FALSE,40465,1/16/15,NULL,12,133,145,,
2856,0,1989,1,1942,325254,RETRO-FIT MASONRY CHIMENY WITH FACTORY-BUILT METAL CHIMNEY,FIREPLACE,8/24/14,39947,FALSE,40070,12/30/14,NULL,12,116,128,,
2865,0,1243,1,1956,74184,RES - CAP OFF CHIMNEY AND INTERIOR BBQ,FIREPLACE,8/24/14,39947,FALSE,11/24/14,11/26/14,NULL,12,82,94,,
2874,0,2118,1,1975,118252,REBUILD DAMAGED CHIMNEY W/WOOD CHASE RETROFIT DURAVENT PIPE,FIREPLACE,8/24/14,39947,FALSE,10/13/14,11/13/14,NULL,12,69,81,,
2875,0,1454,1,1975,107643,RES - CHIMNEY REPAIR,FIREPLACE,8/24/14,39947,FALSE,39886,11/13/14,NULL,12,69,81,,
2885,0,1240,1,1935,216132,R/R BRICKS TOSHOULDER WOOD FRAME STUCCO/ EXISTING INSERT,FIREPLACE,8/24/14,39947,FALSE,40161,10/14/14,NULL,12,39,51,,
2890,0,10018.8,1,NULL,200864,SEISMIC SUSPENDED CEILING,MINOR BUILDING,8/24/14,39947,FALSE,37118,1/29/15,NULL,12,146,158,,
2897,0,2307,1,1976,565436,REMOVE BRICK CHIMNEY/WOOD CHASE/VENTING/REAR SIDING,FIREPLACE,8/24/14,39947,FALSE,1/28/15,3/17/15,NULL,12,193,205,,
2916,0,2080,1,1976,239261,REMOVE CHIMNEY & FIREPLACE SEAL PER HANDOUT,FIREPLACE,8/24/14,39947,FALSE,40131,3/20/15,NULL,12,196,208,,
2923,0,1845,1,1975,743885,ABANDON 1 FIREPLACE AND CAP AND SEAL 2. REMOVE CHIMNEY ADD P,MINOR BUILDING,8/24/14,39947,FALSE,9/25/14,3/23/15,NULL,12,199,211,,
2930,0,1099,1,1900,23789,RETROFIT FOUNDATION BOLTS PER PLAN SHEARWALL TO CRIPPLEWALL,MINOR BUILDING,8/24/14,39947,FALSE,10/30/14,11/25/14,NULL,12,81,93,,
2940,0,9583.2,NULL,1974,143948,ROOF REPAIR/FRONT ROOM WALLS/DRY-WALL/STUCCO/PLY/ chimney,NULL,8/24/14,39947,FALSE,40161,3/23/15,NULL,12,199,211,,
2941,0,9583.2,NULL,1974,143948,ROOF REPAIR/FRONT ROOM WALLS/DRY-WALL/STUCCO/PLY/ chimney,NULL,8/24/14,39947,FALSE,40161,3/23/15,NULL,12,199,211,,
2950,0,1454,1,1975,209750,DEMO MASONRY FIREPLACE; INSTALL GAS INSERT,FIREPLACE,8/24/14,39947,FALSE,10/24/14,7/16/15,NULL,12,314,326,,
2951,0,2080,1,1975,223292,REPAIR DAMAGED CHIMNEY,FIREPLACE,8/24/14,39947,FALSE,40161,9/17/14,NULL,12,12,24,,
2952,0,2118,1,1975,116820,REPLACE MASONRY CHIMNEY ABOVE THE ROOF LINE PER CITY SPECS,FIREPLACE,8/24/14,39947,FALSE,40223,10/14/14,NULL,12,39,51,,
2958,0,9147.6,1,NULL,2550,REMOVE BRICKS/SHEET OPENING & SEAL & CAP DAMAGED FIREPLACE.,MINOR BUILDING,8/24/14,39947,FALSE,9/16/14,10/30/14,NULL,12,55,67,,
2959,0,11228,1,1949,3820851,REPLACE DAMAGED PLASTER W SHEETROCK AT PERSENIUM,MINOR BUILDING,8/24/14,39947,FALSE,40131,10/28/14,NULL,12,53,65,,
2962,3,6098.4,NULL,1910,522422,REPAIR PLUMBING & ELECTRICAL PER NEC & CPC,MINOR BUILDING,8/24/14,39947,FALSE,10/29/14,8/31/16,NULL,12,726,738,,
2985,0,18295.2,1,1970,1883643,NULL,NULL,8/24/14,9/23/14,TRUE,40647,12/31/14,NULL,30,99,129,,
3011,0,2992,1,1990,586584,REMOVE & REBUILD MASONRY FIREPLACE,FIREPLACE,8/24/14,39947,FALSE,39858,11/14/14,NULL,12,70,82,,
3013,0,2207,1,1947,872657,REBUILD CHIMNEY BELOW ROOFLINE & REINFORCE PER CITY SPECS,FIREPLACE,8/24/14,9/17/14,TRUE,10/15/14,10/31/14,NULL,24,44,68,,
3019,0,1696,1,1948,130287,REPAIR CHIMNEY & REPLACE W/ SAME PER CITY SPECS,FIREPLACE,8/24/14,39947,FALSE,40343,11/13/14,NULL,12,69,81,,
3021,0,1290,1,1950,566920,REMOVE FIREPLACE AND FILL IN WALL,FIREPLACE,8/24/14,39947,FALSE,40070,3/23/16,NULL,12,565,577,,
3026,0,1271,1,1950,159381,RES - INSTALL FIREPLACE CAP AND BLOCK OFF OPENING INTERIOR),FIREPLACE,8/24/14,40039,FALSE,10/22/14,10/30/14,NULL,15,52,67,,
3051,0,7840.8,NULL,1950,355142,REMOVE FIREPLACE AND FILL IN WALL,NULL,8/24/14,40435,FALSE,40070,3/23/16,NULL,46,531,577,,
3055,0,1666,1,1948,870850,NULL,NULL,8/24/14,39947,FALSE,7/22/15,12/23/15,NULL,12,474,486,,
3056,1,1336,1,1948,486663,REBUILD MASONRY CHIMNEY,FIREPLACE,8/24/14,39947,FALSE,41135,12/23/14,NULL,12,109,121,,
3067,0,8000,1,1900,514746,NULL,NULL,8/24/14,9/17/14,TRUE,39128,7/21/15,NULL,24,307,331,,
3075,0,4238,6,1910,2216444,RES - CHIMNEY DEMO-INSTALL CODE CAP TO FLUE,FIREPLACE,8/24/14,39947,FALSE,39947,3/19/15,NULL,12,195,207,,
3077,3,6098.4,NULL,1910,522422,EARTHQUAKE RETRO FIT GROUND FLOOR REPAIR PLASTER & SHEETROC; REPAIR PLUMBING & ELECTRICAL PER NEC & CPC,NULL,8/24/14,39947,FALSE,40192,8/31/16,NULL,12,726,738,,
3078,0,1525,1,1910,1938000,REPLACE FOUNDATION,FOUNDATION,8/24/14,39947,FALSE,40223,3/27/15,NULL,12,203,215,,
3085,0,67953.6,1,NULL,2494527,REPAIR FRONT ENTRANCE AWNING,MINOR BUILDING,8/24/14,9/17/14,TRUE,40404,10/15/14,NULL,24,28,52,,
3092,0,8276.4,NULL,NULL,236115,REPLACE FOUNDATION,NULL,8/24/14,9/18/14,TRUE,40223,3/27/15,NULL,25,190,215,,
3096,0,1416,1,1955,306882,CAP & SEAL CHIMNEY,FIREPLACE,8/24/14,39947,FALSE,9/29/14,10/22/14,NULL,12,47,59,,
3097,0,8712,NULL,1955,171965,CAP & SEAL CHIMNEY,NULL,8/24/14,39947,FALSE,9/29/14,10/22/14,NULL,12,47,59,,
3101,0,1066,1,1964,53489,REMOVE CHIMNEY,FIREPLACE,8/24/14,9/18/14,TRUE,12/19/14,3/17/15,NULL,25,180,205,,
3103,0,1416,1,1954,72740,DEMO EXISTING CHIMNEY REFRAME WALL AND STUCCO TO MATCH EXIST,MINOR BUILDING,8/24/14,39947,FALSE,9/22/14,10/24/14,NULL,12,49,61,,
3106,0,1953,1,1984,253936,REBUILD CHIMNEY,FIREPLACE,8/24/14,39947,FALSE,2/13/15,9/22/16,NULL,12,748,760,,
3119,0,905,1,1895,450383,CHIMNEY/STRUCTURAL REPAIR/3 WINDOWS/PORCH REPAIR,MINOR BUILDING,8/24/14,39947,FALSE,4/21/15,9/16/15,NULL,12,376,388,,
3140,0,1208,1,1936,268040,RES - REMOVE CHIMNEY FROM ROOF,FIREPLACE,8/24/14,39947,FALSE,9/18/14,1/13/15,NULL,12,130,142,,
3181,0,2692,1,1983,1524900,REMOVE EXIST CHIMNEY, FRAM & CONST BUILT-IN GAS FIREPLACE,8/24/14,FIREPLACE,TRUE,39947,9/15/14,40830,,,22,,
3186,0,1316,1,1948,476375,CAP AN SEAL CHIMNEY PER NAPA CITY SPECS,FIREPLACE,8/24/14,39947,FALSE,9/22/14,3/16/15,NULL,12,192,204,,
3196,0,1883,1,1965,341526,REMOVE FIREPLACE, INSTALL DIRECT VENT UNIT,8/24/14,FIREPLACE,TRUE,9/17/14,11/25/14,4/24/15,,,93,,
3200,0,980,1,1929,245312,DEMO CHIMNEY TO ROOF LINE CAP & SEAL PER CITY SPECS,FIREPLACE,8/24/14,39947,FALSE,40404,10/20/14,NULL,12,45,57,,
3201,0,8712,1,NULL,213082,FOUNDATION REPLACEMENT; REPLACE STAIRCASE; REBLD CHIMNEY,FOUNDATION,8/24/14,39947,FALSE,39858,3/18/15,NULL,12,194,206,,
3204,0,1614,1,1927,377067,REMOVE DAMAGED FIREPLACE, CAP AND SEAL,8/24/14,FIREPLACE,TRUE,39947,9/13/14,NULL,,,20,,
3205,0,1989,1,1978,296564,REPAIR CHIMNEY, INSTALL STRAP AND REBAR,8/24/14,FIREPLACE,TRUE,9/17/14,4/13/15,NULL,,,232,,
3206,0,2159,1,1983,792686,INSTALL DIRECT VENT PIPE & REBUILD CHASE,FIREPLACE,8/24/14,39947,FALSE,12/15/14,1/21/15,NULL,12,138,150,,
3210,0,2164,1,1978,263317,REPAIR INTERIOR PIERS/ FOUNDATION,FOUNDATION,8/24/14,9/23/14,TRUE,10/27/14,10/30/14,NULL,30,37,67,,
3219,0,1414,1,1950,519565,REBUILD MASONRY CHIMNEY,FIREPLACE,8/24/14,39947,FALSE,6/18/15,6/23/15,NULL,12,291,303,,
3221,0,2118,1,1974,769374,MINOR GROUT AND BRICK REPAIR TO LOWER HALF OF CHIMNEY,FIREPLACE,8/24/14,40100,FALSE,10/16/14,11/21/14,NULL,17,72,89,,
3227,0,1991,1,1978,513745,REPLACE MASONRY CHIMNEY WITH DURAVENT PIPE & WOOD CHASE,FIREPLACE,8/24/14,39947,FALSE,10/17/14,11/13/14,NULL,12,69,81,,
3228,0,1825,1,1978,290145,R/R MASONARY CHIMNEY W/PIPE KIT , INSTALL NEW WOOD CHASE. RE,8/24/14,FIREPLACE,TRUE,39947,9/22/14,10/28/14,,,29,,
3242,0,3146,1,2007,942097,REPAIRS TO BATH; ROOF, STUCCO,8/24/14, SHEETROCK AND WINDOW FRAME,FALSE,MINOR BUILDING,9/25/14,40131,,,32,,
3256,2,2190,1,1875,73937,R/R EXISTING STONE ON FRONT OF BLDG AND REINFORCE BLDG,COM SHELL ONLY,8/24/14,39947,FALSE,41196,11/19/15,NULL,12,440,452,,
3270,0,2102,1,1973,682785,REPLACE STUCCO WHERE CHIMNEY WAS REMOVED,STUCCO,8/24/14,40100,FALSE,4/17/15,7/16/15,NULL,17,309,326,,
3273,0,1704,1,1897,74889,REPLACE FOUNDATION; RESTORE PLUMBING & ELEC; SHEET EXT WALLS,FOUNDATION,8/24/14,39947,FALSE,4/20/15,1/28/16,NULL,12,510,522,,
3285,0,1560,1,1973,280493,Re- build chimney per hand out,FIREPLACE,8/24/14,39947,FALSE,9/15/14,4/29/15,NULL,12,236,248,,
3294,0,1414,1,1973,74926,R/REPLACE BROKEN CHIMNEY TO DUAL WALL METAL PIPE WITH WOOD C,FIREPLACE,8/24/14,39947,FALSE,40251,10/17/14,NULL,12,42,54,,
3297,0,2264,1,1973,485393,REMOVE CHIMNEY TO SHOULDER/CAP OUTSIDE/STEEL FRAME/FIREBOX,FIREPLACE,8/24/14,39947,FALSE,10/23/14,10/27/14,NULL,12,52,64,,
3298,0,11761.2,NULL,1973,189720,REMOVE STUCCO, INSTALL ENGINEERING ANCHORS AS PER PLAN SHEER,8/24/14,MINOR BUILDING,TRUE,40131,10/28/14,10/27/14,,,65,,
3300,0,2012,1,1973,770178,CAP AND SEAL CHIMNEY,FIREPLACE,8/24/14,39947,FALSE,40435,3/13/15,NULL,12,189,201,,
3301,0,2012,1,1973,795600,RES - RECONSTRUCT CHIMNEY,FIREPLACE,8/24/14,39947,FALSE,39947,10/29/14,NULL,12,54,66,,
3302,0,2078,1,1973,321142,REPAIR MASONRY CHIMNEY W/ EXISTING GAS INSERT PER CITY SPECS,FIREPLACE,8/24/14,39947,FALSE,40251,1/27/15,NULL,12,144,156,,
3303,0,2012,1,1973,177394,REPAIR MASONARY CHIMNEY PER CITY OF NAPA SPECS, LOWER HEIGHT,8/24/14,FIREPLACE,TRUE,39947,9/30/14,1/27/15,,,37,,
3308,0,1999,1,1983,542958,REMOVE DAMAGED CHIMNEY; FRAME & DRYWALL FIREBOX,FIREPLACE,8/24/14,39947,FALSE,37544,2/20/15,NULL,12,168,180,,
3313,0,1999,1,1983,406810,NULL,NULL,8/24/14,39947,FALSE,7/28/15,8/18/15,NULL,12,347,359,,
3319,0,1999,1,1980,388357,REBUILD TWO CHIMNEYS,FIREPLACE,8/24/14,39947,FALSE,40070,11/19/14,NULL,12,75,87,,
3330,0,6761,1,1905,1258089,COM TI- REMOVE EXISTING PLASTER AND REPLACE WITH DRYWALL,COM REMODEL,8/24/14,39947,FALSE,39886,12/15/14,NULL,12,101,113,,
3331,0,6098.4,NULL,1905,848592,COM TI- REMOVE EXISTING PLASTER AND REPLACE WITH DRYWALL,NULL,8/24/14,39947,FALSE,39886,12/15/14,NULL,12,101,113,,
3342,0,1492,1,1988,423029,CHIMNEY REPAIR / GAS INSERT WITH ELECTRICAL,FIREPLACE,8/24/14,40404,FALSE,4/13/15,4/15/15,NULL,45,189,234,,
3345,0,1215,1,1960,312467,REPAIR MASONARY ON FIREPLACE  NON-STRUCTURAL),FIREPLACE,8/24/14,40343,FALSE,40343,4/15/15,NULL,43,191,234,,
3354,0,1859,1,1978,776500,NULL,NULL,8/24/14,39947,FALSE,2/26/15,4/24/15,NULL,12,231,243,,
3358,0,1873,1,1980,271577,REPAIR MASONRY CHIMNEY PER CITY SPECS,FIREPLACE,8/24/14,39947,FALSE,40435,10/28/14,NULL,12,53,65,,
3370,0,1261,1,1959,246001,CAP AND SEAL FIREPLACE/CHIMNEY,FIREPLACE,8/24/14,39947,FALSE,37087,2/27/15,NULL,12,175,187,,
3379,0,4791.6,1,NULL,132277,REPLACE DRYROT POSTS ON FRONT PORCH,MINOR BUILDING,8/24/14,9/17/14,TRUE,10/16/14,1/29/15,NULL,24,134,158,,
3380,0,1186,1,1910,84475,REPLACE FOUNDATION,FOUNDATION,8/24/14,40223,FALSE,1/14/15,3/16/15,NULL,39,165,204,,
3388,0,6098.4,1,NULL,97360,TRIPLEX - GASLINE NEW POSTS AND FOUNDATION REPAIRS,FOUNDATION,8/24/14,39947,FALSE,10/24/14,9/30/16,NULL,12,756,768,,
3389,0,1047,1,1910,403009,REPAIR BACK PORCH DECK ROOF,DECK,8/24/14,39947,FALSE,40282,10/30/15,NULL,12,420,432,,
3390,0,6098.4,NULL,1910,248377,REPAIR BACK PORCH DECK ROOF,NULL,8/24/14,39947,FALSE,40282,10/30/15,NULL,12,420,432,,
3392,0,870,1,1936,69682,SHEER WALL/REPLACE FLOOR W/FOOTINGS/FRONT PORCH RAIL/,MINOR BUILDING,8/24/14,39947,FALSE,1/13/15,2/19/15,NULL,12,167,179,,
3393,0,6098.4,NULL,1936,37811,SHEER WALL/REPLACE FLOOR W/FOOTINGS/FRONT PORCH RAIL/,NULL,8/24/14,9/17/14,TRUE,1/13/15,2/19/15,NULL,24,155,179,,
3394,0,6098.4,NULL,1936,37811,SHEER WALL/REPLACE FLOOR W/FOOTINGS/FRONT PORCH RAIL/,NULL,8/24/14,9/23/14,TRUE,1/13/15,2/19/15,NULL,30,149,179,,
3412,0,1073,1,1955,347880,WATER HEATER,WATER HEATER,8/24/14,39947,FALSE,41257,12/15/14,NULL,12,101,113,,
3417,0,7840.8,NULL,1950,355142,REMOVE FIREPLACE AND FILL IN WALL,NULL,8/24/14,40404,FALSE,40070,3/23/16,NULL,45,532,577,,
3429,0,1540,1,1968,576497,REPLACE BROKEN RAFTERS,MINOR BUILDING,8/24/14,39947,FALSE,37026,2/17/15,NULL,12,165,177,,
3449,0,1620,1,1931,457134,NEW QUADRAFIRE 3000 GAS INSERT,FIREPLACE,8/24/14,39947,FALSE,10/15/14,10/31/14,NULL,12,56,68,,
3450,0,2310,1,1920,1278385,REINFORCE SHEER WALLS TO FOUNDATION,MINOR BUILDING,8/24/14,39947,FALSE,11/17/14,2/26/15,NULL,12,174,186,,
3458,0,3691,1,1925,524824,DEMO MASONRY CHIMNEY REBUILD WOOD CHASE WITH EXISTING INSER,FIREPLACE,8/24/14,39947,FALSE,40192,1/23/15,NULL,12,140,152,,
3459,0,4972,1,1972,1153883,NULL,NULL,8/24/14,40373,FALSE,9/23/14,10/17/14,NULL,44,10,54,,
3465,0,1261,1,1960,446858,PARTIAL REBUILD OF MASONRY CHIMNEY,FIREPLACE,8/24/14,39947,FALSE,11/17/14,11/20/14,NULL,12,76,88,,
3484,0,1382,1,1962,169840,CAP AND SEAL CHIMNEY,FIREPLACE,8/24/14,39947,FALSE,37514,12/22/15,NULL,12,473,485,,
3486,0,1980,1,1940,316372,REPAIR DAMAGED CHIMNEY,FIREPLACE,8/24/14,39947,FALSE,39917,9/16/14,NULL,12,11,23,,
3488,0,1426,1,1934,658695,REMOVE DAMAGED CHIMNEY AT ROOFLINE, INSTALL GAS INSERT,8/24/14,FIREPLACE,TRUE,39947,9/13/14,40922,,,20,,
3489,0,1648,1,1984,511164,DEMO AND FILL IN SWIMMING POOL,MINOR BUILDING,8/24/14,40223,FALSE,9/20/14,1/30/15,NULL,39,120,159,,
3492,0,2396,1,1983,437710,DEMO AND REBUILD MASONRY CHIMNEY PER CITY SPECS,FIREPLACE,8/24/14,39947,FALSE,9/30/14,12/22/14,NULL,12,108,120,,
3493,0,12196.8,NULL,1984,316873,DEMO CHIMNEY REBUILD W WOOD CHASE INSTALL NEW GAS INSERT,NULL,8/24/14,39947,FALSE,9/23/14,10/21/14,NULL,12,46,58,,
3501,0,1516,1,1964,298656,REBUILD BRICK CHIMNEY,FIREPLACE,8/24/14,39947,FALSE,10/18/14,10/21/14,NULL,12,46,58,,
3524,0,1287,1,1983,478583,TRUSS & ROOF REPAIR PER ENGINEER REPORT,MINOR BUILDING,8/24/14,39947,FALSE,40404,10/14/14,NULL,12,39,51,,
3526,0,1052,1,1936,157498,CAP AND SEAL CHIMNEY,FIREPLACE,8/24/14,39947,FALSE,12/19/14,1/28/15,NULL,12,145,157,,
3550,0,16508,1,1970,2127843,ABANDON FIREPLACE DRYWALL ON INSIDE OF HOUSE.,FIREPLACE,8/24/14,39947,FALSE,9/30/14,8/25/15,NULL,12,354,366,,
3551,0,75688,NULL,NULL,2304667,REPAIR HOPPER LEGS FOR FLOUR STORAGE,MINOR BUILDING,8/24/14,39947,FALSE,9/22/14,4/16/15,NULL,12,223,235,,
3553,0,8276.4,NULL,1946,176741,REMOVE DAMAGED CHIMNEY-INSTALL GAS INSERT/ELEC,NULL,8/24/14,39947,FALSE,38275,6/24/15,NULL,12,292,304,,
3554,0,1761,1,1984,243051,REBUILD MASONRY CHIMNEY AT ROOF,FIREPLACE,8/24/14,39947,FALSE,2/24/15,3/18/15,NULL,12,194,206,,
3569,0,880,1,1954,107697,REPAIR PATIO COVER,MINOR BUILDING,8/24/14,39947,FALSE,10/24/14,4/24/15,NULL,12,231,243,,
3579,0,1999,1,1983,245511,REPAIR MASONRY CHIMNEY PER CITY OF NAPA PLANS,FIREPLACE,8/24/14,39947,FALSE,40616,11/13/14,NULL,12,69,81,,
3586,0,1999,1,1980,522865,INSTALL GAS INSERT IN FRONT FIREPLACE,,8/24/14,FIREPLACE,TRUE,39947,11/17/14,38001,,,85,,
3588,0,1876,1,1967,809713,CHIMNEY REPAIR AND CAP AT ROOFLINE AND REROOF,FIREPLACE,8/24/14,39947,FALSE,40070,9/26/14,NULL,12,21,33,,
3596,0,1514,1,1990,415593,RES - CHIMNEY REPAIR DOWN TO SHOULDERS/BACK UP AND FLASHING,FIREPLACE,8/24/14,40373,FALSE,40161,10/22/14,NULL,44,15,59,,
3601,0,16552.8,NULL,1957,182953,REMOVE 2 CHIMNEYS INSTALL 1 NEW GAS LINE DRYWALL CIRCUIT,NULL,8/24/14,40373,FALSE,40161,5/13/15,NULL,44,218,262,,
3605,0,1504,1,NULL,161373,CAP AND SEAL FIREPLACE PER CITY SPECS,FIREPLACE,8/24/14,9/18/14,TRUE,11/26/14,8/28/15,NULL,25,344,369,,
3608,0,10860,1,1964,2182150,REPAIR CRACKS IN EXT STUCCO,MINOR BUILDING,8/24/14,39947,FALSE,9/19/14,9/22/14,NULL,12,17,29,,
3609,0,1189,1,1956,220195,REMOVE DAMAGE CHIMENY; CAP & SEAL, REPAIR AWNING,8/24/14,FIREPLACE,TRUE,39947,4/29/15,5/21/15,,,248,,
3610,0,19035,1,1965,5941500,REPLACE DAMAGED BEAM,MINOR BUILDING,8/24/14,39947,FALSE,40891,7/25/15,NULL,12,323,335,,
3619,0,2087,1,1984,268852,2 FIREPLACES - TAKE DOWN TO ROOF AND INSTALL CHIMNEY ANCHOR,FIREPLACE,8/24/14,9/23/14,TRUE,38487,5/18/15,NULL,30,237,267,,
3624,0,1953,1,1986,451532,RETRO-FIT FROM THE SHOULDERS UP; GAS INSERT,FIREPLACE,8/24/14,39947,FALSE,10/16/14,12/21/15,NULL,12,472,484,,
3628,0,1382,1,1962,323360,CAP AND SEAL CHIMNEY,FIREPLACE,8/24/14,39947,FALSE,10/17/14,10/22/14,NULL,12,47,59,,
3636,0,2475,1,1955,209994,COM - EARTHQUAKE REPAIR,COM REMODEL,8/24/14,39947,FALSE,10/16/14,2/19/15,NULL,12,167,179,,
3638,0,1384,1,1962,563040,RES - CAP AND SEAL CHIMNEY,FIREPLACE,8/24/14,39947,FALSE,10/20/14,10/31/14,NULL,12,56,68,,
3652,0,1408,1,1962,571178,RES - FIREPLACE RETROFIT AT SHOULDERS, NEW PIPE & GAS INSERT,8/24/14,FIREPLACE,TRUE,39947,10/20/14,40677,,,57,,
3655,0,7840.8,NULL,1973,375000,REPLACE STUCCO WHERE CHIMNEY WAS REMOVED,STUCCO,8/24/14,9/17/14,TRUE,4/17/15,7/16/15,NULL,24,302,326,,
3664,0,939,1,1923,147080,WATER HEATER,WATER HEATER,8/24/14,39947,FALSE,37087,1/22/15,NULL,12,139,151,,
3679,NULL,2283,1,1966,927457,REBUILD DAMAGED CHIMNEY AND INSTALL GAS INSERT,FIREPLACE,8/24/14,NULL,TRUE,39947,4/22/15,NULL,,,241,,
3682,NULL,1420,1,1959,202645,RES - REBUILD CHIMNEY FROM ROOFLINE,FIREPLACE,8/24/14,NULL,TRUE,41196,1/14/15,NULL,,,143,,
3688,NULL,NULL,1,NULL,61509,NULL,NULL,8/24/14,NULL,TRUE,3/19/15,4/24/15,NULL,,,243,,
3693,NULL,1916,1,1940,390285,NULL,NULL,8/24/14,NULL,TRUE,7/20/15,7/27/15,NULL,,,337,,
3694,NULL,1093,1,1941,481979,REPAIR DAMAGED CHIMNEY,FIREPLACE,8/24/14,NULL,TRUE,4/27/15,5/27/15,NULL,,,276,,
